nome,nivel,inicio,fim,instituicao,pagamento
Adenilso da Silva Simao, PQ-2, 01/03/2019, 28/02/2022, USP, Em folha de pagamento
Adriano Alonso Veloso, PQ-2, 01/03/2018, 28/02/2021, UFMG, Em folha de pagamento
Adriano Lorena Inacio de Oliveira, PQ-2, 01/03/2019, 28/02/2022, UFPE, Em folha de pagamento
Afonso Paiva Neto, PQ-2, 01/03/2018, 28/02/2021, USP, Em folha de pagamento
Agma Juci Machado Traina, PQ-1B, 01/03/2018, 28/02/2022, USP, Em folha de pagamento
Ajalmar Rêgo da Rocha Neto, PQ-2, 01/03/2018, 28/02/2021, IFCE, Em folha de pagamento
Alba Cristina Magalhaes Alves de Melo, PQ-1C, 01/03/2019, 28/02/2023, UnB, Em folha de pagamento
Alberto Egon Schaeffer Filho, PQ-2, 01/03/2019, 28/02/2022, UFRGS, Em folha de pagamento
Alberto Henrique Frade Laender, PQ-1A, 01/03/2020, 28/02/2025, UFMG, Em folha de pagamento
Alceu de Souza Britto Jr, PQ-1D, 01/03/2019, 28/02/2023, PUC/PR, Em folha de pagamento
Aldo von Wangenheim, PQ-2, 01/03/2020, 28/02/2023, UFSC, Em folha de pagamento
Aldri Luiz dos Santos, PQ-2, 01/03/2018, 28/02/2021, UFPR, Em folha de pagamento
Alejandro Cesar Frery Orgambide, PQ-1B, 01/03/2020, 29/02/2024, UFAL, Em folha de pagamento
Alessandro Fabricio Garcia, PQ-1C, 01/03/2017, 28/02/2021, PUC-Rio, Em folha de pagamento
Alexandre Plastino de Carvalho, PQ-2, 01/03/2019, 28/02/2022, UFF, Em folha de pagamento
Alexandre Salles da Cunha, PQ-2, 01/03/2019, 28/02/2022, UFMG, Em folha de pagamento
Alexandre Xavier Falcao, PQ-1A, 01/03/2019, 29/02/2024, UNICAMP, Em folha de pagamento
Alfredo Goldman vel Lejbman, PQ-2, 01/03/2020, 28/02/2023, USP, Em folha de pagamento
Alisson Vasconcelos de Brito, PQ-2, 01/03/2019, 28/02/2022, UFPB, Em folha de pagamento
Alneu de Andrade Lopes, PQ-2, 01/03/2020, 28/02/2023, USP, Em folha de pagamento
Altigran Soares da Silva, PQ-1B, 01/03/2020, 29/02/2024, UFAM, Em folha de pagamento
Aluizio Fausto Ribeiro Araujo, PQ-1C, 01/03/2019, 28/02/2023, UFPE, Em folha de pagamento
Ana Carolina Lorena, PQ-2, 01/03/2018, 28/02/2021, UNIFESP, Em folha de pagamento
Ana Cristina Bicharra Garcia, PQ-2, 01/03/2019, 28/02/2022, UNIRIO, Em folha de pagamento
Ana Lucia Cetertich Bazzan, PQ-1C, 01/03/2018, 28/02/2022, UFRGS, Em folha de pagamento
Ana Paula Couto da Silva, PQ-2, 01/03/2018, 28/02/2021, UFMG, Em folha de pagamento
Ana Shirley Ferreira da Silva, PQ-2, 01/03/2018, 28/02/2021, UFC, Em folha de pagamento
Anderson Almeida Ferreira, PQ-2, 01/03/2018, 28/02/2021, UFOP, Em folha de pagamento
Anderson de Rezende Rocha, PQ-1D, 01/03/2019, 28/02/2023, UNICAMP, Em folha de pagamento
Anderson Maciel, PQ-2, 01/03/2018, 28/02/2021, UFRGS, Em folha de pagamento
Andre Carlos Ponce de Leon Ferreira de Carvalho, PQ-1A, 01/03/2016, 28/02/2021, USP, Em folha de pagamento
Andre Carlos Ponce de Leon Ferreira de Carvalho, PQ-1A, 01/03/2021, 28/02/2022, USP, Em folha de pagamento
Andre Fujita, PQ-2, 01/03/2020, 28/02/2023, USP, Em folha de pagamento
Andre Luiz Lins de Aquino, PQ-2, 01/03/2020, 28/02/2023, UFAL, Em folha de pagamento
Andre Ricardo Backes, PQ-2, 01/03/2019, 28/02/2022, UFU, Em folha de pagamento
Andreia Malucelli, PQ-2, 01/03/2019, 28/02/2022, PUC/PR, Em folha de pagamento
Anelise Munaretto Fonseca, PQ-2, 01/03/2018, 28/02/2021, UTFPR, Em folha de pagamento
Angelo Perkusich, PQ-2, 01/03/2019, 28/02/2022, UFCG, Em folha de pagamento
Angelo Roncalli Alencar Brayner, PQ-2, 01/03/2018, 28/02/2021, UFC, Em folha de pagamento
Anisio Mendes Lacerda, PQ-2, 01/03/2018, 28/02/2021, CEFET/MG, Em folha de pagamento
Anna Helena Reali Costa, PQ-2, 01/03/2018, 28/02/2021, USP, Em folha de pagamento
Anne Magaly de Paula Canuto, PQ-2, 01/03/2019, 28/02/2022, UFRN, Em folha de pagamento
Anselmo Cardoso de Paiva, PQ-2, 01/03/2018, 28/02/2021, UFMA, Em folha de pagamento
Antonio Alfredo Ferreira Loureiro, PQ-1A, 01/03/2020, 28/02/2025, UFMG, Em folha de pagamento
Antonio Augusto Medeiros Fröhlich, PQ-2, 01/03/2018, 28/02/2021, UFSC, Em folha de pagamento
Antonio de Padua Braga, PQ-1D, 01/03/2019, 28/02/2023, UFMG, Em folha de pagamento
Aristófanes Corrêa Silva, PQ-2, 01/03/2018, 28/02/2021, UFMA, Em folha de pagamento
Artur Ziviani, PQ-1D, 01/03/2020, 29/02/2024, LNCC, Em folha de pagamento
Augusto Cezar Alves Sampaio, PQ-1A, 01/03/2017, 28/02/2022, UFPE, Em folha de pagamento
Augusto Jose Venâncio Neto, PQ-2, 01/03/2018, 28/02/2021, UFRN, Em folha de pagamento
Aurora Trinidad Ramirez Pozo, PQ-1D, 01/03/2019, 28/02/2023, UFPR, Em folha de pagamento
Benjamin Rene Callejas Bedregal, PQ-1C, 01/03/2017, 28/02/2021, UFRN, Em folha de pagamento
Bruno Feijo, PQ-1D, 01/03/2018, 28/02/2022, PUC-Rio, Em folha de pagamento
Bruno Luiggi Macchiavello Espinoza, PQ-2, 01/03/2019, 28/02/2022, UnB, Em folha de pagamento
Bruno Richard Schulze, PQ-1D, 01/03/2018, 28/02/2022, LNCC, Em folha de pagamento
Caetano Traina Junior, PQ-1B, 01/03/2018, 28/02/2022, USP, Em folha de pagamento
Carla Maria Dal Sasso Freitas, PQ-1C, 01/03/2019, 28/02/2023, UFRGS, Em folha de pagamento
Carlile Campos Lavor, PQ-1B, 01/03/2019, 28/02/2023, UNICAMP, Em folha de pagamento
Carlos Alberto Kamienski, PQ-2, 01/03/2018, 28/02/2021, UFABC, Em folha de pagamento
Carlos Alberto Olarte Vega, PQ-2, 01/03/2019, 28/02/2022, UFRN, Em folha de pagamento
Carlos Alexandre Barros de Mello, PQ-2, 01/03/2018, 28/02/2021, UFPE, Em folha de pagamento
Carlos Becker Westphall, PQ-1D, 01/03/2018, 28/02/2022, UFSC, Em folha de pagamento
Carlos Eduardo Pereira, PQ-1C, 01/03/2020, 29/02/2024, UFRGS, Em folha de pagamento
Carlos Nascimento Silla Junior, PQ-2, 01/03/2019, 28/02/2022, PUC/PR, Em folha de pagamento
Cecilia Mary Fischer Rubira, PQ-2, 01/03/2018, 31/03/2021, UNICAMP, Em folha de pagamento
Celia Aparecida Zorzo Barcelos, PQ-2, 01/03/2018, 28/02/2021, UFU, Em folha de pagamento
Celia Ghedini Ralha, PQ-2, 01/03/2019, 28/02/2022, UnB, Em folha de pagamento
Celina Miraglia Herrera de Figueiredo, PQ-1A, 01/03/2017, 28/02/2022, UFRJ, Em folha de pagamento
Celio Vinicius Neves de Albuquerque, PQ-1D, 01/03/2018, 28/02/2022, UFF, Em folha de pagamento
Celso da Cruz Carneiro Ribeiro, PQ-1A, 01/03/2016, 28/02/2021, UFF, Em folha de pagamento
Celso Massaki Hirata, PQ-2, 01/03/2019, 28/02/2022, ITA, Em folha de pagamento
Cesar Augusto Fonticielha De Rose, PQ-2, 01/03/2019, 28/02/2022, PUCRS, Em folha de pagamento
Christiane Anneliese Gresse von Wangenheim, PQ-2, 01/03/2020, 28/02/2023, UFSC, Em folha de pagamento
Cid Carvalho de Souza, PQ-1C, 01/03/2019, 28/02/2023, UNICAMP, Suspenso
Clarisse Sieckenius de Souza, PQ-1B, 01/03/2018, 28/02/2022, PUC-Rio, Em folha de pagamento
Claudia Linhares Sales, PQ-1D, 01/03/2018, 28/02/2022, UFC, Em folha de pagamento
Claudia Linhares Sales, PQ-1D, 01/03/2022, 28/02/2023, UFC, Em folha de pagamento
Claudia Maria Bauzer Medeiros, PQ-1A, 01/03/2017, 28/02/2022, UNICAMP, Em folha de pagamento
Claudio Leonardo Lucchesi, PQ-1A, 01/03/2017, 28/02/2022, UNICAMP, Em folha de pagamento
Claudio Rosito Jung, PQ-1B, 01/03/2019, 28/02/2023, UFRGS, Em folha de pagamento
Cleidson Ronald Botelho de Souza, PQ-2, 01/03/2019, 28/02/2022, UFPA, Em folha de pagamento
Clodoveu Augusto Davis Junior, PQ-2, 01/03/2019, 28/02/2022, UFMG, Em folha de pagamento
Cristiana Barbosa Bentes, PQ-2, 01/03/2019, 28/02/2022, UERJ, Em folha de pagamento
Cristiane Neri Nobre, PQ-2, 01/03/2020, 28/02/2023, PUC Minas, Em folha de pagamento
Cristiano Bonato Both, PQ-2, 01/03/2019, 28/02/2022, UNISINOS, Em folha de pagamento
Cristiano Maciel, PQ-2, 01/03/2020, 28/02/2023, UFMT, Em folha de pagamento
Cristiano Maciel da Silva, PQ-2, 01/03/2018, 28/02/2021, UFSJ, Em folha de pagamento
Cristina Gomes Fernandes, PQ-1D, 01/03/2017, 28/02/2021, USP, Em folha de pagamento
Daniel Cardoso Moraes de Oliveira, PQ-2, 01/03/2019, 28/02/2022, UFF, Em folha de pagamento
Daniel Carlos Guimaraes Pedronette, PQ-2, 01/03/2018, 28/02/2021, UNESP, Em folha de pagamento
Daniel Fernandes Macedo, PQ-2, 01/03/2019, 28/02/2022, UFMG, Em folha de pagamento
Daniel Ludovico Guidoni, PQ-2, 01/03/2019, 28/02/2022, UFSJ, Em folha de pagamento
Daniel Ratton Figueiredo, PQ-2, 01/03/2018, 28/02/2021, UFRJ, Em folha de pagamento
Daniel Sadoc Menasche, PQ-2, 01/03/2018, 28/02/2021, UFRJ, Em folha de pagamento
Daniel Schwabe, PQ-1D, 01/03/2018, 28/02/2022, PUC-Rio, Em folha de pagamento
Danielo Goncalves Gomes, PQ-2, 01/03/2020, 28/02/2023, UFC, Em folha de pagamento
David Corrêa Martins Junior, PQ-2, 01/03/2018, 28/02/2021, UFABC, Em folha de pagamento
David Menotti Gomes, PQ-2, 01/03/2018, 28/02/2021, UFPR, Em folha de pagamento
Denis Deratani Maua, PQ-2, 01/03/2020, 28/02/2023, USP, Em folha de pagamento
Denis Fernando Wolf, PQ-2, 01/03/2018, 28/02/2021, USP, Em folha de pagamento
Diana Sasaki Nobrega, PQ-2, 01/03/2018, 28/02/2021, UERJ, Em folha de pagamento
Diego Gimenez Passos, PQ-2, 01/03/2020, 28/02/2023, UFF, Em folha de pagamento
Diego Raphael Amancio, PQ-2, 01/03/2019, 28/02/2022, USP, Em folha de pagamento
Divanilson Rodrigo de Sousa Campelo, PQ-2, 01/03/2019, 28/02/2022, UFPE, Em folha de pagamento
Djamel Fawzi Hadj Sadok, PQ-1C, 01/03/2019, 28/02/2023, UFPE, Em folha de pagamento
Dorgival Olavo Guedes Neto, PQ-2, 01/03/2018, 28/02/2021, UFMG, Em folha de pagamento
Edison Pignaton de Freitas, PQ-2, 01/03/2018, 28/02/2021, UFRGS, Em folha de pagamento
Edleno Silva de Moura, PQ-1B, 01/03/2019, 28/02/2023, UFAM, Em folha de pagamento
Edmundo Albuquerque de Souza e Silva, PQ-1A, 01/03/2020, 28/02/2025, UFRJ, Em folha de pagamento
Edmundo Roberto Mauro Madeira, PQ-1D, 01/03/2018, 28/02/2022, UNICAMP, Em folha de pagamento
Edson Borin, PQ-2, 01/03/2018, 28/02/2021, UNICAMP, Em folha de pagamento
Edson Prestes e Silva Junior, PQ-2, 01/03/2019, 28/02/2022, UFRGS, Em folha de pagamento
Eduardo Antonio Guimaraes Tavares, PQ-2, 01/03/2019, 28/02/2022, UFPE, Em folha de pagamento
Eduardo Camponogara, PQ-1D, 01/03/2018, 28/02/2022, UFSC, Em folha de pagamento
Eduardo Candido Xavier, PQ-2, 01/03/2018, 28/02/2021, UNICAMP, Em folha de pagamento
Eduardo Coelho Cerqueira, PQ-1D, 01/03/2017, 28/02/2021, UFPA, Em folha de pagamento
Eduardo Freire Nakamura, PQ-2, 01/03/2019, 28/02/2022, UFAM, Em folha de pagamento
Eduardo Magno Lages Figueiredo, PQ-2, 01/03/2019, 28/02/2022, UFMG, Em folha de pagamento
Eduardo Santana de Almeida, PQ-1D, 01/03/2017, 28/02/2021, UFBA, Em folha de pagamento
Eduardo Sany Laber, PQ-1C, 01/03/2018, 28/02/2022, PUC-Rio, Em folha de pagamento
Eduardo Soares Ogasawara, PQ-2, 01/03/2019, 28/02/2022, CEFET/RJ, Em folha de pagamento
Elias Procópio Duarte Junior, PQ-1D, 01/03/2017, 28/02/2021, UFPR, Em folha de pagamento
Elisa Yumi Nakagawa, PQ-2, 01/03/2019, 28/02/2022, USP, Em folha de pagamento
Erickson Rangel do Nascimento, PQ-2, 01/03/2019, 28/02/2022, UFMG, Em folha de pagamento
Ernesto Julian Goldberg Birgin, PQ-2, 01/03/2020, 28/02/2023, USP, Em folha de pagamento
Esteban Walter Gonzalez Clua, PQ-2, 01/03/2018, 28/02/2021, UFF, Em folha de pagamento
Estevam Rafael Hruschka Junior, PQ-1D, 01/03/2017, 28/02/2021, UFSCAR, Em folha de pagamento
Fabian Luis Vargas, PQ-2, 01/03/2020, 28/02/2023, PUCRS, Em folha de pagamento
Fabiano Cutigi Ferrari, PQ-2, 01/03/2017, 31/07/2020, UFSCAR, Em folha de pagamento
Fabiano Passuelo Hessel, PQ-2, 01/03/2019, 28/02/2022, PUCRS, Em folha de pagamento
Fabio Andre Machado Porto, PQ-2, 01/03/2019, 28/02/2022, LNCC, Em folha de pagamento
Fabio Gagliardi Cozman, PQ-1C, 01/03/2019, 28/02/2023, USP, Em folha de pagamento
Fabio Kon, PQ-1D, 01/03/2018, 28/02/2022, USP, Em folha de pagamento
Fabio Ribeiro Cerqueira, PQ-2, 01/03/2019, 28/02/2022, UFF, Em folha de pagamento
Fabricio Aguiar Silva, PQ-2, 01/03/2019, 28/02/2022, UFV, Em folha de pagamento
Fabricio Benevenuto de Souza, PQ-2, 01/03/2019, 28/02/2022, UFMG, Em folha de pagamento
Fabricio Enembreck, PQ-2, 01/03/2018, 28/02/2021, PUC/PR, Em folha de pagamento
Fatima de Lourdes dos Santos Nunes Marques, PQ-2, 01/03/2020, 28/02/2023, USP, Em folha de pagamento
Felipe Maia Galvao Franca, PQ-2, 01/03/2020, 28/02/2023, UFRJ, Em folha de pagamento
Felipe Rech Meneguzzi, PQ-2, 01/03/2020, 28/02/2023, PUCRS, Em folha de pagamento
Fernando Jose Castor de Lima Filho, PQ-2, 01/03/2018, 28/02/2021, UFPE, Em folha de pagamento
Fernando Jose Von Zuben, PQ-1B, 01/03/2019, 28/02/2023, UNICAMP, Em folha de pagamento
Fernando Magno Quintao Pereira, PQ-2, 01/03/2019, 28/02/2022, UFMG, Em folha de pagamento
Flavia Coimbra Delicato, PQ-1D, 01/03/2019, 28/02/2023, UFRJ, Em folha de pagamento
Flavia Maria Santoro, PQ-2, 01/03/2018, 28/02/2021, UNIRIO, Em folha de pagamento
Flavio Keidi Miyazawa, PQ-1B, 01/03/2019, 28/02/2023, UNICAMP, Em folha de pagamento
Francesco Corona, PQ-2, 01/03/2019, 28/02/2022, UFC, Em folha de pagamento
Francisco de Assis Tenorio de Carvalho, PQ-1B, 01/03/2014, 28/02/2021, UFPE, Em folha de pagamento
Francisco Madeiro Bernardino Junior, PQ-2, 01/03/2019, 28/02/2022, UPE, Em folha de pagamento
Genaina Nunes Rodrigues, PQ-2, 01/03/2019, 28/02/2022, UnB, Em folha de pagamento
George Darmiton da Cunha Cavalcanti, PQ-1D, 01/03/2017, 28/02/2021, UFPE, Em folha de pagamento
George Luiz Medeiros Teodoro, PQ-2, 01/03/2018, 28/02/2021, UnB, Em folha de pagamento
Geraldo Braz Junior, PQ-2, 01/03/2019, 28/02/2022, UFMA, Em folha de pagamento
Geraldo Robson Mateus, PQ-1A, 01/03/2018, 28/02/2023, UFMG, Em folha de pagamento
Gerberth Adin Ramirez Rivera, PQ-2, 01/03/2018, 28/02/2021, UNICAMP, Em folha de pagamento
Gerson Zaverucha, PQ-1D, 01/03/2018, 28/02/2022, UFRJ, Em folha de pagamento
Gina Maira Barbosa de Oliveira, PQ-2, 01/03/2019, 28/02/2022, UFU, Em folha de pagamento
Gracaliz Pereira Dimuro, PQ-1D, 01/03/2020, 29/02/2024, FURG, Em folha de pagamento
Guido Costa Souza de Araujo, PQ-1B, 01/03/2018, 28/02/2022, UNICAMP, Em folha de pagamento
Guilherme Horta Travassos, PQ-1D, 01/03/2019, 28/02/2023, UFRJ, Em folha de pagamento
Guilherme Oliveira Mota, PQ-2, 01/03/2018, 28/02/2021, UFABC, Em folha de pagamento
Guilherme Pimentel Telles, PQ-2, 01/03/2019, 28/02/2022, UNICAMP, Em folha de pagamento
Gustavo Bittencourt Figueiredo, PQ-2, 01/03/2018, 28/02/2021, UFBA, Em folha de pagamento
Gustavo Henrique Lima Pinto, PQ-2, 01/03/2020, 28/02/2023, UFPA, Em folha de pagamento
Gustavo Pessin, PQ-2, 01/03/2018, 28/02/2021, ITV, Em folha de pagamento
Haroldo Gambini Santos, PQ-2, 01/03/2020, 28/02/2023, UFOP, Em folha de pagamento
Heder Soares Bernardino, PQ-2, 01/03/2019, 28/02/2022, UFJF, Em folha de pagamento
Heitor Silverio Lopes, PQ-2, 01/03/2020, 28/02/2023, UTFPR, Em folha de pagamento
Heitor Soares Ramos Filho, PQ-2, 01/03/2019, 28/02/2022, UFAL, Em folha de pagamento
Helio Côrtes Vieira Lopes, PQ-2, 01/03/2018, 28/02/2021, PUC-Rio, Em folha de pagamento
Helio Pedrini, PQ-1D, 01/03/2019, 28/02/2023, UNICAMP, Em folha de pagamento
Horacio Antonio Braga Fernandes de Oliveira, PQ-2, 01/03/2019, 28/02/2022, UFAM, Em folha de pagamento
Hyggo Oliveira de Almeida, PQ-2, 01/03/2020, 28/02/2023, UFCG, Em folha de pagamento
Igor Machado Coelho, PQ-2, 01/03/2019, 28/02/2022, UERJ, Em folha de pagamento
Ingrid Oliveira de Nunes, PQ-2, 01/03/2019, 28/02/2022, UFRGS, Em folha de pagamento
Isabel Cristina Mello Rosseti, PQ-2, 01/03/2019, 28/02/2022, UFF, Em folha de pagamento
Italo Fernando Scota Cunha, PQ-2, 01/03/2019, 28/02/2022, UFMG, Em folha de pagamento
Jacob Scharcanski, PQ-1C, 01/03/2018, 28/02/2022, UFRGS, Em folha de pagamento
Jaelson Freire Brelaz de Castro, PQ-2, 01/03/2020, 28/02/2023, UFPE, Em folha de pagamento
Jano Moreira de Souza, PQ-2, 01/03/2018, 28/02/2021, UFRJ, Em folha de pagamento
Jarbas Joaci de Mesquita Sa Junior, PQ-2, 01/03/2018, 28/02/2021, UFC, Em folha de pagamento
Jayme Luiz Szwarcfiter, PQ-1A, 01/03/2017, 28/02/2022, UFRJ, Em folha de pagamento
Jefersson Alex dos Santos, PQ-2, 01/03/2019, 28/02/2022, UFMG, Em folha de pagamento
Joao Batista Florindo, PQ-2, 01/03/2020, 28/02/2023, UNICAMP, Em folha de pagamento
Joao Dallyson Sousa de Almeida, PQ-2, 01/03/2019, 28/02/2022, UFMA, Em folha de pagamento
Joao Eduardo Ferreira, PQ-2, 01/03/2019, 28/02/2022, USP, Em folha de pagamento
Joao Guilherme Maia de Menezes, PQ-2, 01/03/2019, 28/02/2022, UFMG, Em folha de pagamento
Joao Luiz Dihl Comba, PQ-1C, 01/03/2020, 29/02/2024, UFRGS, Em folha de pagamento
Joao Paulo Andrade Almeida, PQ-2, 01/03/2018, 28/02/2021, UFES, Em folha de pagamento
Joao Paulo Papa, PQ-1D, 01/03/2018, 28/02/2022, UNESP, Em folha de pagamento
Joao Paulo Pordeus Gomes, PQ-2, 01/03/2020, 28/02/2023, UFC, Em folha de pagamento
Joaquim Bento Cavalcante Neto, PQ-2, 01/03/2020, 28/02/2023, UFC, Em folha de pagamento
Jorge Luis Poco-Medina, PQ-2, 01/03/2019, 28/02/2022, FGV, Em folha de pagamento
Jorge Stolfi, PQ-1A, 01/03/2016, 28/02/2021, UNICAMP, Em folha de pagamento
Jose Antonio Fernandes de Macêdo, PQ-2, 01/03/2019, 28/02/2022, UFC, Em folha de pagamento
Jose Carlos Maldonado, PQ-1A, 01/03/2019, 29/02/2024, USP, Em folha de pagamento
Jose Fernando Rodrigues Junior, PQ-2, 01/03/2018, 28/02/2021, USP, Em folha de pagamento
Jose Ferreira de Rezende, PQ-1D, 01/03/2018, 28/02/2022, UFRJ, Em folha de pagamento
Jose Marcos Silva Nogueira, PQ-1D, 01/03/2019, 28/02/2023, UFMG, Em folha de pagamento
Jose Neuman de Souza, PQ-1D, 01/03/2018, 28/02/2022, UFC, Em folha de pagamento
Jose Palazzo Moreira de Oliveira, PQ-1D, 01/03/2019, 28/02/2023, UFRGS, Em folha de pagamento
Judith Kelner, PQ-1D, 01/03/2020, 29/02/2024, UFPE, Em folha de pagamento
Jugurta Rosa Montalvao Filho, PQ-2, 01/03/2019, 28/02/2022, UFS, Em folha de pagamento
Juliano Araujo Wickboldt, PQ-2, 01/03/2019, 28/02/2022, UFRGS, Em folha de pagamento
Julio Cesar Sampaio do Prado Leite, PQ-1D, 01/03/2018, 28/02/2022, PUC-Rio, Em folha de pagamento
Jurandy Gomes de Almeida Junior, PQ-2, 01/03/2018, 28/02/2021, UNIFESP, Suspenso
Jussara Marques de Almeida, PQ-1C, 01/03/2020, 29/02/2024, UFMG, Em folha de pagamento
Kelvin Lopes Dias, PQ-2, 01/03/2018, 28/02/2021, UFPE, Em folha de pagamento
Kleinner Silva Farias de Oliveira, PQ-2, 01/03/2019, 28/02/2022, UNISINOS, Em folha de pagamento
Leandro Alves Neves, PQ-2, 01/03/2019, 28/02/2022, UNESP, Em folha de pagamento
Leandro Aparecido Villas, PQ-2, 01/03/2019, 28/02/2022, UNICAMP, Em folha de pagamento
Leandro Augusto Frata Fernandes, PQ-2, 01/03/2018, 28/02/2021, UFF, Em folha de pagamento
Leandro Nunes de Castro Silva, PQ-2, 01/03/2019, 28/02/2022, MACKENZIE, Em folha de pagamento
Lehilton Lelis Chaves Pedrosa, PQ-2, 01/03/2018, 28/02/2021, UNICAMP, Em folha de pagamento
Leliane Nunes de Barros, PQ-2, 01/03/2019, 28/02/2022, USP, Em folha de pagamento
Leonardo Barbosa e Oliveira, PQ-2, 01/03/2018, 28/02/2021, UFMG, Em folha de pagamento
Leonardo Chaves Dutra da Rocha, PQ-2, 01/03/2019, 28/02/2022, UFSJ, Em folha de pagamento
Leonardo Gresta Paulino Murta, PQ-2, 01/03/2018, 28/02/2021, UFF, Em folha de pagamento
Lisandro Zambenedetti Granville, PQ-1C, 01/03/2018, 28/02/2022, UFRGS, Em folha de pagamento
Lucia Maria de Assumpcao Drummond, PQ-1D, 01/03/2018, 28/02/2022, UFF, Em folha de pagamento
Luciana Nedel, PQ-2, 01/03/2020, 28/02/2023, UFRGS, Em folha de pagamento
Luciana Salete Buriol, PQ-1D, 01/03/2017, 28/02/2021, UFRGS, Em folha de pagamento
Luciano da Fontoura Costa, PQ-1A, 01/03/2019, 29/02/2024, USP, Em folha de pagamento
Luciano Paschoal Gaspary, PQ-1D, 01/03/2017, 28/02/2021, UFRGS, Em folha de pagamento
Luciano Reboucas de Oliveira, PQ-2, 01/03/2019, 28/02/2022, UFBA, Em folha de pagamento
Luciano Silva, PQ-2, 01/03/2019, 28/02/2022, UFPR, Em folha de pagamento
Luerbio Faria, PQ-1D, 01/03/2019, 28/02/2023, UERJ, Em folha de pagamento
Luidi Gelabert Simonetti, PQ-2, 01/03/2018, 28/02/2021, UFRJ, Em folha de pagamento
Luigi Carro, PQ-1A, 01/03/2018, 31/03/2023, UFRGS, Em folha de pagamento
Luis Carlos Erpen de Bona, PQ-2, 01/03/2020, 28/02/2023, UFPR, Em folha de pagamento
Luis da Cunha Lamb, PQ-1B, 01/03/2017, 28/02/2021, UFRGS, Em folha de pagamento
Luis Enrique Zarate Galvez, PQ-2, 01/03/2019, 28/02/2022, PUC Minas, Em folha de pagamento
Luis Fabricio Wanderley Goes, PQ-2, 01/03/2019, 28/02/2022, PUC Minas, Em folha de pagamento
Luis Gustavo Nonato, PQ-1C, 01/03/2018, 28/02/2022, USP, Em folha de pagamento
Luis Henrique Maciel Kosmalski Costa, PQ-1C, 01/03/2018, 28/02/2022, UFRJ, Em folha de pagamento
Luis Marti Orosa, PQ-2, 01/03/2018, 28/02/2021, UFF, Em folha de pagamento
Luiz Chaimowicz, PQ-2, 01/03/2018, 28/02/2021, UFMG, Em folha de pagamento
Luiz Eduardo Soares de Oliveira, PQ-1D, 01/03/2019, 28/02/2023, UFPR, Em folha de pagamento
Luiz Fernando Bittencourt, PQ-1D, 01/03/2020, 29/02/2024, UNICAMP, Em folha de pagamento
Luiz Fernando Rust da Costa Carmo, PQ-2, 01/03/2019, 28/02/2022, INMETRO, Em folha de pagamento
Luiz Filipe Menezes Vieira, PQ-1D, 01/03/2019, 28/02/2023, UFMG, Em folha de pagamento
Luiz Gustavo Leao Fernandes, PQ-2, 01/03/2020, 28/02/2023, PUCRS, Em folha de pagamento
Luiz Marcos Garcia Goncalves, PQ-2, 01/03/2019, 28/02/2022, UFRN, Em folha de pagamento
Luiz Satoru Ochi, PQ-1C, 01/03/2018, 28/02/2022, UFF, Em folha de pagamento
Luiza de Macedo Mourelle, PQ-1D, 01/03/2018, 28/02/2022, UERJ, Em folha de pagamento
Manoel Bezerra Campêlo Neto, PQ-2, 01/03/2020, 28/02/2023, UFC, Em folha de pagamento
Manuel Menezes de Oliveira Neto, PQ-1B, 01/03/2019, 28/02/2023, UFRGS, Em folha de pagamento
Marcelo Bezerra d'Amorim, PQ-2, 01/03/2018, 28/02/2021, UFPE, Em folha de pagamento
Marcelo de Almeida Maia, PQ-2, 01/03/2019, 28/02/2022, UFU, Em folha de pagamento
Marcelo Fantinato, PQ-2, 01/03/2019, 28/02/2022, USP, Em folha de pagamento
Marcelo Finger, PQ-1C, 01/03/2019, 28/02/2023, USP, Em folha de pagamento
Marcelo Goncalves Rubinstein, PQ-2, 01/03/2019, 28/02/2022, UERJ, Em folha de pagamento
Marcelo Henriques de Carvalho, PQ-1D, 01/03/2018, 28/02/2022, UFMS, Em folha de pagamento
Marcelo Lobosco, PQ-2, 01/03/2019, 28/02/2022, UFJF, Em folha de pagamento
Marcelo Zanchetta do Nascimento, PQ-2, 01/03/2019, 28/02/2022, UFU, Em folha de pagamento
Marcia Helena Costa Fampa, PQ-2, 01/03/2020, 28/02/2023, UFRJ, Em folha de pagamento
Marcio Bastos Castro, PQ-2, 01/03/2018, 28/02/2021, UFSC, Em folha de pagamento
Marcio de Medeiros Ribeiro, PQ-2, 01/03/2019, 28/02/2022, UFAL, Em folha de pagamento
Marcio de Oliveira Barros, PQ-2, 01/03/2019, 28/02/2022, UNIRIO, Em folha de pagamento
Marcio Dorn, PQ-2, 01/03/2019, 28/02/2022, UFRGS, Em folha de pagamento
Marcio Eduardo Delamaro, PQ-2, 01/03/2019, 28/02/2022, USP, Em folha de pagamento
Marcio Porto Basgalupp, PQ-2, 01/03/2020, 28/02/2023, UNIFESP, Em folha de pagamento
Marco Antonio Casanova, PQ-1B, 01/03/2018, 28/02/2022, PUC-Rio, Em folha de pagamento
Marco Serpa Molinaro, PQ-2, 01/03/2018, 28/02/2021, PUC-Rio, Em folha de pagamento
Marco Tulio de Oliveira Valente, PQ-1D, 01/03/2020, 29/02/2024, UFMG, Em folha de pagamento
Marcos Andre Goncalves, PQ-1C, 01/03/2017, 28/02/2021, UFMG, Em folha de pagamento
Marcos Antonio Simplicio Junior, PQ-2, 01/03/2018, 28/02/2021, USP, Em folha de pagamento
Marcos Augusto Menezes Vieira, PQ-1D, 01/03/2020, 29/02/2024, UFMG, Em folha de pagamento
Marcos de Oliveira Lage Ferreira, PQ-2, 01/03/2019, 28/02/2022, UFF, Em folha de pagamento
Marcos Goncalves Quiles, PQ-2, 01/03/2019, 28/02/2022, UNIFESP, Em folha de pagamento
Marcus Rolf Peter Ritt, PQ-2, 01/03/2020, 28/02/2023, UFRGS, Em folha de pagamento
Marcus Vinicius Soledade Poggi de Aragao, PQ-1C, 01/03/2018, 28/02/2022, PUC-Rio, Em folha de pagamento
Maria Cecilia Calani Baranauskas, PQ-2, 01/03/2018, 28/02/2021, UNICAMP, Em folha de pagamento
Maria Cristina Ferreira de Oliveira, PQ-1C, 01/03/2018, 28/02/2022, USP, Em folha de pagamento
Maria do Carmo Nicoletti, PQ-2, 01/03/2019, 28/02/2022, UFSCAR, Em folha de pagamento
Maria Emilia Machado Telles Walter, PQ-2, 01/03/2019, 28/02/2022, UnB, Em folha de pagamento
Mario Antonio Ribeiro Dantas, PQ-2, 01/03/2019, 28/02/2022, UFJF, Em folha de pagamento
Mario Fernando Montenegro Campos, PQ-1B, 01/03/2018, 28/02/2022, UFMG, Em folha de pagamento
Mario Lemes Proenca Junior, PQ-2, 01/03/2020, 28/02/2023, UEL, Em folha de pagamento
Mario Roberto Folhadela Benevides, PQ-2, 01/03/2020, 28/02/2023, UFRJ, Em folha de pagamento
Marley Maria Bernardes Rebuzzi Vellasco, PQ-1C, 01/03/2018, 28/02/2022, PUC-Rio, Em folha de pagamento
Marta Lima de Queiros Mattoso, PQ-1B, 01/03/2019, 28/02/2023, UFRJ, Em folha de pagamento
Mauricio Ayala Rincon, PQ-1D, 01/03/2018, 28/02/2022, UnB, Em folha de pagamento
Mauro Antonio Rincon, PQ-2, 01/03/2020, 28/02/2023, UFRJ, Em folha de pagamento
Mauro Sergio Pereira Fonseca, PQ-2, 01/03/2019, 28/02/2022, UTFPR, Em folha de pagamento
Michele Nogueira Lima, PQ-2, 01/03/2018, 28/02/2021, UFPR, Em folha de pagamento
Miguel Elias Mitre Campista, PQ-2, 01/03/2019, 28/02/2022, UFRJ, Em folha de pagamento
Mirella Moura Moro, PQ-2, 01/03/2020, 28/02/2023, UFMG, Em folha de pagamento
Mitre Costa Dourado, PQ-1D, 01/03/2017, 28/02/2021, UFRJ, Em folha de pagamento
Moacir Antonelli Ponti, PQ-2, 01/03/2018, 28/02/2021, USP, Em folha de pagamento
Mylene Christine Queiroz de Farias, PQ-2, 01/03/2019, 28/02/2022, UnB, Em folha de pagamento
Myriam Regattieri De Biase da Silva Delgado, PQ-2, 01/03/2018, 28/02/2021, UTFPR, Em folha de pagamento
Nabor das Chagas Mendonca, PQ-2, 01/03/2018, 28/02/2021, UNIFOR, Em folha de pagamento
Nadia Nedjah, PQ-1D, 01/03/2018, 28/02/2022, UERJ, Em folha de pagamento
Nalvo Franco de Almeida Junior, PQ-2, 01/03/2020, 28/02/2023, UFMS, Em folha de pagamento
Nelson Delfino d'avila Mascarenhas, PQ-1B, 01/03/2018, 28/02/2022, UFSCAR, Em folha de pagamento
Nelson Luis Saldanha da Fonseca, PQ-1A, 01/03/2020, 28/02/2025, UNICAMP, Em folha de pagamento
Nelson Maculan Filho, PQ-1A, 01/03/2020, 28/02/2025, UFRJ, Em folha de pagamento
Nelson Souto Rosa, PQ-2, 01/03/2019, 28/02/2022, UFPE, Em folha de pagamento
Nivio Ziviani, PQ-1A, 01/03/2017, 28/02/2022, UFMG, Em folha de pagamento
Nubia Rosa da Silva, PQ-2, 01/03/2019, 28/02/2022, UFG, Em folha de pagamento
Odemir Martinez Bruno, PQ-1C, 01/03/2019, 28/02/2023, USP, Em folha de pagamento
Olga Regina Pereira Bellon, PQ-1D, 01/03/2018, 31/03/2022, UFPR, Em folha de pagamento
Orlando Lee, PQ-2, 01/03/2019, 28/02/2022, UNICAMP, Em folha de pagamento
Otto Carlos Muniz Bandeira Duarte, PQ-1A, 01/03/2016, 28/02/2021, UFRJ, Em folha de pagamento
Paolo Rech, PQ-2, 01/03/2020, 28/02/2023, UFRGS, Em folha de pagamento
Patricia Duarte de Lima Machado, PQ-2, 01/03/2018, 28/02/2021, UFCG, Em folha de pagamento
Paulo Andre Vechiatto de Miranda, PQ-2, 01/03/2019, 28/02/2022, USP, Em folha de pagamento
Paulo Augusto Silva Veloso, PQ-SR, 01/03/2019, 29/02/2024, UFRJ, Em folha de pagamento
Paulo de Figueiredo Pires, PQ-2, 01/03/2018, 28/02/2021, UFRJ, Em folha de pagamento
Paulo Henrique Monteiro Borba, PQ-1D, 01/03/2018, 28/02/2022, UFPE, Em folha de pagamento
Paulo Roberto Freire Cunha, PQ-SR, 01/03/2019, 29/02/2024, UFPE, Em folha de pagamento
Paulo Roberto Oliveira, PQ-1D, 01/03/2018, 28/02/2022, UFRJ, Em folha de pagamento
Paulo Romero Martins Maciel, PQ-1B, 01/03/2019, 28/02/2023, UFPE, Em folha de pagamento
Paulo Salgado Gomes de Mattos Neto, PQ-2, 01/03/2019, 28/02/2022, UFPE, Em folha de pagamento
Paulo Sergio Marques dos Santos, PQ-2, 01/03/2020, 28/02/2023, UFPI, Em folha de pagamento
Pedro Jussieu de Rezende, PQ-2, 01/03/2018, 28/02/2021, UNICAMP, Em folha de pagamento
Pedro Olmo Stancioli Vaz De Melo, PQ-2, 01/03/2019, 28/02/2022, UFMG, Em folha de pagamento
Pedro Paulo Balbi de Oliveira, PQ-2, 01/03/2020, 28/02/2023, MACKENZIE, Em folha de pagamento
Pedro Pedrosa Reboucas Filho, PQ-2, 01/03/2019, 28/02/2022, IFCE, Em folha de pagamento
Peter Sussner, PQ-2, 01/03/2018, 28/02/2021, UNICAMP, Em folha de pagamento
Philippe Olivier Alexandre Navaux, PQ-1B, 01/03/2019, 28/02/2023, UFRGS, Em folha de pagamento
Rafael Augusto de Melo, PQ-2, 01/03/2018, 28/02/2021, UFBA, Em folha de pagamento
Rafael Crivellari Saliba Schouery, PQ-2, 01/03/2018, 28/02/2021, UNICAMP, Em folha de pagamento
Rafael Dueire Lins, PQ-1D, 01/03/2020, 29/02/2024, UFRPE, Em folha de pagamento
Rafael Ferreira Leite de Mello, PQ-2, 01/03/2019, 28/02/2022, UFRPE, Em folha de pagamento
Rafael Heitor Bordini, PQ-2, 01/03/2019, 28/02/2022, PUCRS, Em folha de pagamento
Rafael Prikladnicki, PQ-1D, 01/03/2019, 28/02/2023, PUCRS, Em folha de pagamento
Raphael Carlos Santos Machado, PQ-1D, 01/03/2019, 28/02/2023, INMETRO, Em folha de pagamento
Raquel Aparecida de Freitas Mini, PQ-2, 01/03/2019, 28/02/2022, PUC Minas, Em folha de pagamento
Regina Maria Maciel Braga, PQ-2, 01/03/2020, 28/02/2023, UFJF, Em folha de pagamento
Renata Hax Sander Reiser, PQ-2, 01/03/2020, 28/02/2023, UFPEL, Em folha de pagamento
Renata Maria Cardoso Rodrigues de Souza, PQ-1D, 01/03/2019, 28/02/2023, UFPE, Em folha de pagamento
Renato Antonio Celso Ferreira, PQ-1D, 01/03/2018, 28/02/2022, UFMG, Em folha de pagamento
Renato Antonio Krohling, PQ-2, 01/03/2019, 28/02/2022, UFES, Em folha de pagamento
Renato Portugal, PQ-1D, 01/03/2020, 29/02/2024, LNCC, Em folha de pagamento
Renato Tinós, PQ-2, 01/03/2019, 28/02/2022, USP, Em folha de pagamento
Ricardo Bastos Cavalcante Prudencio, PQ-2, 01/03/2019, 28/02/2022, UFPE, Em folha de pagamento
Ricardo da Silva Torres, PQ-1C, 01/03/2017, 28/02/2021, UNICAMP, Suspenso
Ricardo Guerra Marroquim, PQ-2, 01/03/2018, 28/02/2021, UFRJ, Suspenso
Ricardo Terra Nunes Bueno Villela, PQ-2, 01/03/2019, 28/02/2022, UFLA, Em folha de pagamento
Roberto Marcondes Cesar Junior, PQ-1A, 01/03/2020, 28/02/2025, USP, Em folha de pagamento
Roberto Souto Maior de Barros, PQ-2, 01/03/2020, 28/02/2023, UFPE, Em folha de pagamento
Rodolfo Ipolito Meneguette, PQ-2, 01/03/2019, 28/02/2022, IFSP, Em folha de pagamento
Rodolfo Jardim de Azevedo, PQ-2, 01/03/2018, 28/02/2021, UNICAMP, Em folha de pagamento
Rodrigo Coelho Barros, PQ-2, 01/03/2020, 28/02/2023, PUCRS, Em folha de pagamento
Rodrigo da Rosa Righi, PQ-2, 01/03/2019, 28/02/2022, UNISINOS, Em folha de pagamento
Rodrigo Fernandes de Mello, PQ-2, 01/03/2018, 28/02/2021, USP, Em folha de pagamento
Rodrigo Minetto, PQ-2, 01/03/2018, 31/07/2021, UTFPR, Em folha de pagamento
Rodrygo Luis Teodoro Santos, PQ-2, 01/03/2019, 28/02/2022, UFMG, Em folha de pagamento
Rohit Gheyi, PQ-2, 01/03/2020, 28/02/2023, UFCG, Em folha de pagamento
Rosa Maria Meri Leao, PQ-2, 01/03/2018, 28/02/2021, UFRJ, Em folha de pagamento
Rosane Minghim, PQ-1D, 01/03/2017, 28/02/2021, USP, Em folha de pagamento
Roseli Aparecida Francelin Romero, PQ-2, 01/03/2019, 28/02/2022, USP, Em folha de pagamento
Rudini Menezes Sampaio, PQ-1D, 01/03/2019, 28/02/2023, UFC, Em folha de pagamento
Sabrina dos Santos Marczak, PQ-2, 01/03/2019, 28/02/2022, PUCRS, Em folha de pagamento
Sergio Castelo Branco Soares, PQ-2, 01/03/2020, 28/02/2023, UFPE, Em folha de pagamento
Sheila dos Santos Reinehr, PQ-2, 01/03/2019, 28/02/2022, PUC/PR, Em folha de pagamento
Siang Wun Song, PQ-SR, 01/03/2020, 31/03/2025, USP, Em folha de pagamento
Silvio Jamil Ferzoli Guimaraes, PQ-2, 01/03/2020, 28/02/2023, PUC Minas, Em folha de pagamento
Simone Dantas de Souza, PQ-1D, 01/03/2018, 28/02/2022, UFF, Em folha de pagamento
Simone de Lima Martins, PQ-2, 01/03/2019, 28/02/2022, UFF, Em folha de pagamento
Simone Diniz Junqueira Barbosa, PQ-2, 01/03/2019, 28/02/2022, PUC-Rio, Em folha de pagamento
Simone do Rocio Senger de Souza, PQ-2, 01/03/2019, 28/02/2022, USP, Em folha de pagamento
Solange Oliveira Rezende, PQ-2, 01/03/2019, 28/02/2022, USP, Em folha de pagamento
Soraia Raupp Musse, PQ-1D, 01/03/2017, 28/02/2021, PUCRS, Em folha de pagamento
Soraia Raupp Musse, PQ-1D, 01/03/2021, 28/02/2022, PUCRS, Em folha de pagamento
Sulamita Klein, PQ-1B, 01/03/2019, 28/02/2022, UFRJ, Em folha de pagamento
Teófilo Emidio de Campos, PQ-2, 01/03/2019, 28/02/2022, UnB, Em folha de pagamento
Teresa Bernarda Ludermir, PQ-1A, 01/03/2018, 28/02/2023, UFPE, Em folha de pagamento
Thais Vasconcelos Batista, PQ-1D, 01/03/2021, 28/02/2022, UFRN, Em folha de pagamento
Thais Vasconcelos Batista, PQ-1D, 01/03/2017, 28/02/2021, UFRN, Em folha de pagamento
Thiago Ferreira de Noronha, PQ-2, 01/03/2019, 28/02/2022, UFMG, Em folha de pagamento
Thibaut Victor Gaston Vidal, PQ-2, 01/03/2019, 28/02/2022, PUC-Rio, Em folha de pagamento
Tiago Agostinho de Almeida, PQ-2, 01/03/2018, 28/02/2021, UFSCAR, Em folha de pagamento
Tsang Ing Ren, PQ-2, 01/03/2020, 28/02/2023, UFPE, Em folha de pagamento
Ueverton dos Santos Souza, PQ-2, 01/03/2018, 28/02/2021, UFF, Em folha de pagamento
Uira Kulesza, PQ-2, 01/03/2019, 28/02/2022, UFRN, Em folha de pagamento
Umberto Rivieccio, PQ-2, 01/03/2018, 28/02/2021, UFRN, Em folha de pagamento
Valeria Cesario Times, PQ-2, 01/03/2019, 28/02/2022, UFPE, Em folha de pagamento
Valmir Carneiro Barbosa, PQ-1A, 01/03/2020, 28/02/2025, UFRJ, Em folha de pagamento
Vander Ramos Alves, PQ-2, 01/03/2019, 28/02/2022, UnB, Em folha de pagamento
Vanessa Braganholo Murta, PQ-2, 01/03/2020, 28/02/2023, UFF, Em folha de pagamento
Vania Bogorny, PQ-2, 01/03/2018, 28/02/2021, UFSC, Em folha de pagamento
Victor Almeida Campos, PQ-2, 01/03/2019, 28/02/2022, UFC, Em folha de pagamento
Vinicius Fernandes dos Santos, PQ-2, 01/03/2019, 28/02/2022, UFMG, Em folha de pagamento
Virgilio Augusto Fernandes Almeida, PQ-1A, 01/03/2020, 28/02/2025, UFMG, Em folha de pagamento
Vivek Nigam, PQ-2, 01/03/2019, 28/02/2022, UFPB, Em folha de pagamento
Viviane Pereira Moreira, PQ-2, 01/03/2019, 28/02/2022, UFRGS, Em folha de pagamento
Wagner Meira Junior, PQ-1B, 01/03/2017, 28/02/2021, UFMG, Em folha de pagamento
Wagner Meira Junior, PQ-1B, 01/03/2021, 28/02/2023, UFMG, Em folha de pagamento
Waldemar Celes Filho, PQ-2, 01/03/2020, 28/02/2023, PUC-Rio, Em folha de pagamento
Wesley Nunes Goncalves, PQ-2, 01/03/2020, 28/02/2023, UFMS, Em folha de pagamento
Weverton Luis da Costa Cordeiro, PQ-2, 01/03/2018, 28/02/2021, UFRGS, Em folha de pagamento
William Robson Schwartz, PQ-1D, 01/03/2020, 29/02/2024, UFMG, Em folha de pagamento
Wilson Rosa de Oliveira Junior, PQ-2, 01/03/2019, 28/02/2022, UFRPE, Em folha de pagamento
Wouter Caarls, PQ-2, 01/03/2019, 28/02/2022, PUC-Rio, Em folha de pagamento
Yoshiharu Kohayakawa, PQ-1A, 01/03/2019, 29/02/2024, USP, Em folha de pagamento
Yoshiko Wakabayashi, PQ-1A, 01/03/2017, 28/02/2022, USP, Em folha de pagamento
Yuri Abitbol de Menezes Frota, PQ-2, 01/03/2019, 28/02/2022, UFF, Em folha de pagamento
Zanoni Dias, PQ-1D, 01/03/2019, 28/02/2023, UNICAMP, Em folha de pagamento
Zhao Liang, PQ-1C, 01/03/2020, 29/02/2024, USP, Em folha de pagamento